airline_name,airline_country
Air 26,Angola
Air Asia X,Indonesia
Air Bucharest,Romania
Air Century,Dominican Republic
Air Cudlua,United Kingdom
Air Engiadina-BRN,Switzerland
Air Italy Egypt,Egypt
AlbaStar,Spain
Alghanim,United States
AtlasGlobal Ukraine,Ukraine
Austrian Airlines,Austria
BA101,United Kingdom
Bingo Airways,Poland
Boliviana de Aviacion,Bolivia
CBM America,United States
Cathay Pacific,Hong Kong
Church Fenton Flying Training Unit,United Kingdom
Comfort Express Virtual Charters Albany,United States
Compania de Aviacion Faucett,Peru
Coningsby Flying Training Unit,United Kingdom
Cranwell Flying Training Unit,United Kingdom
Dan-Air London,United Kingdom
Direct Aero Services,Romania
Eagle Canyon Airlines,United States
East Horizon,Afghanistan
Eastern Atlantic Charters,United States
EgyptAir Express,Egypt
Egyptair,Egypt
Enerjet,Canada
Executive AirShare,United States
FLYJET,Poland
FTI Fluggesellschaft,Germany
Finlandian,Finland
Flugfelag Vestmannaeyja,Iceland
Fly Africa Zimbabwe,Zimbabwe
Flybe Finland Oy,Finland
Go2Sky,Slovakia
Golden Myanmar Airlines,Burma
Grand China Air,China
Hellenic Star Airways,Greece
Holidays Czech Airlines,Czech Republic
Inter European Airways,United Kingdom
Jet Suite,United States
Jupiter Airlines,United Arab Emirates
Kan Air,Thailand
Korea Express Air,South Korea
LIO Flugmennt,Iceland
Leeming Flying Training Unit,United Kingdom
Lossiemouth Flying Training Unit,United Kingdom
Malaysia Wings,Malaysia
Mann Yadanarpon Airlines,Burma
Marham Flying Training Unit,United Kingdom
Medallion Air,Romania
Norlandair,Iceland
Northwood Headquarters,United Kingdom
Norwegian Air International,Norway
Nurnberger Flugdienst,Germany
OCEAN AIR CARGO,India
Pouya Air,Iran
Princely Jets,Pakistan
Priority Aviation Company,United States
Private Jet Management,United States
Privilege Style L,Spain
Pro Air,United States
Pro Air Service,United States
Professional Express Courier Service,United States
Professione VOlare,Italy
Promotora Industria Totolapa,Mexico
Ptarmigan Airways,Canada
Puma Linhas Aereas,Brazil
Puntavia Air Services,Djibouti
Pyramid Air Lines,Egypt
Qanot Sharq,Uzbekistan
Qatar Air Cargo,Qatar
Qatar Amiri Flight,Qatar
Quantex Environmental,Canada
Quebec Government Air Service,Canada
Quest Diagnostics,United States
Quick Air Jet Charter,Germany
Quisqueya Airlines,Haiti
RAF Leuchars,United Kingdom
RAF St Athan,United Kingdom
RAF Valley SAR Training Unit,United Kingdom
Race Cargo Airlines,Ghana
Ram Aircraft Corporation,United States
Rangemile Limited,United Kingdom
Raven Air,United States
Ray Aviation,Israel
Raya Jet,Jordan
Raytheon Aircraft Company,United States
Real Aeroclub De Ternerife,Spain
Red Arrows Display Squadron,United Kingdom
Red Sea Aviation,Egypt
Reed Aviation,United Kingdom
Reef Air,New Zealand
Regional Air,Mauritania
Regional Air Express,Germany
Renan,Moldova
Renown Aviation,United States
Riau Airlines,Indonesia
Richards Aviation,United States
Richardson's Airway,United States
Richland Aviation,United States
Rick Lucas Helicopters,New Zealand
Ridder Avia,Kazakhstan
Rikspolisstyrelsen,Sweden
River Ministries Air Charter,South Africa
Rivne Universal Avia,Ukraine
Rog-Air,Canada
Roraima Airways,Guyana
Rossair,South Africa
Rotana Jet,United Arab Emirates
Rotormotion,United Kingdom
Rover Airways International,United States
Royal Air Force,United Kingdom
Royal American Airways,United States
Royal Aviation Express,Canada
Royal Bahrain Airlines,Bahrain
Royal Daisy Airlines,Uganda
Royal Oman Police,Oman
Royal Phnom Penh Airways,Cambodia
Rubystar,Belarus
Rusline,Russia
Russkie Krylya,Russia
Rutas Aereas,Venezuela
Rutland Aviation,United Kingdom
Rwanda Airlines,Rwanda
Rynes Aviation,United States
S C Ion Tiriac,Romania
S.P. Aviation,United States
SADELCA - Sociedad Aerea Del Caqueta,Colombia
SAM Colombia,Colombia
SANSA,Costa Rica
SASCO Airlines,Sudan
SENEAM,Mexico
STA-MALI,Mali
STAC Swiss Government Flights,Switzerland
SUR Lineas Aereas,Argentina
Sabang Merauke Raya Air Charter,Indonesia
Saber Airlines,Egypt
Safari Express Cargo,Kenya
Safarilink Aviation,Kenya
Safe Air,Pakistan
Saha Airlines Services,Iran
Sahel Aviation Service,Mali
Saint Barth Commuter,France
Sakaviaservice,Georgia
Salair,United States
Salem,Kazakhstan
Salpa Aviation,Sudan
Samal Air,Kazakhstan
Samar Air,Tajikistan
Samarkand Airways,Uzbekistan
Samson Aviation,United Kingdom
Sark International Airways,United Kingdom
Savanah Airlines,Nigeria
Seacoast Airlines,United States
Searca,Colombia
Seco International,Japan
Second Sverdlovsk Air Enterprise,Russia
Secretaria de Marina,Mexico
Sector Airlines,Canada
Sedona Air Center,United States
Selcon Airlines,Nigeria
Selkirk Remote Sensing,Canada
Sella Aviation,Netherlands
Sentel Corporation,United States
Servicio Aereo Saltillo,Mexico
Servicio De Viglancia Aerea Del Ministerio De Seguridad Publica,Costa Rica
Servicio Tecnico Aero De Mexico,Mexico
Servicios Aereos Avandaro,Mexico
Servicios Aereos Del Norte,Mexico
Servicios Aereos Ejecutivos De La Laguna,Mexico
Servicios Aereos La Marquesa,Mexico
Servicios Aereos Luce,Mexico
Servicios Aereos Nacionales,Ecuador
Servicios Aereos Premier,Mexico
Servicios Aereos Profesionales,Dominican Republic
Servicios Aereos San Cristobal,Mexico
Servicios Aereos Slainte,Mexico
Servicios Aereos Sunset,Mexico
Servicios Aereos Universitarios,Mexico
Servicios Aereos de Chihuahua Aerochisa,Mexico
Servicios Aereos de Los Angeles,Mexico
Servicios Aeronauticos Aero Personal,Mexico
Servicios De Rampa Y Mostrador,Mexico
Servicios De Transporte Aereo,Mexico
Servicios Ejecutivos Gosa,Mexico
Servicios Intergrales De Aviacion,Mexico
Servico Aereo Regional,Mozambique
Servicos De Alquiler,Mexico
Servizi Aerei,Italy
Sevastopol-Avia,Ukraine
Seven Bar Flying Service,United States
Sevenair,Tunisia
Severstal,Russia
Shaheen Air Cargo,Pakistan
Shalom Air Services,Nigeria
Sham Wing Airlines,Syrian Arab Republic
Shans Air,Russia
Shawnee Airline,United States
Sheremetyevo-Cargo,Russia
Shooter Air Courier,Canada
Shuangyang General Aviation,China
Silesia Air,Czech Republic
Simrik Airlines,Nepal
Sioux Falls Aviation,United States
Sirvair,Mexico
Skif-Air,Ukraine
Sky Airlines,Turkey
Sky Bahamas,Bahamas
Sky Bus,United States
Sky Exec Aviation Services,Nigeria
Sky Gate International Aviation,Kyrgyzstan
Sky Harbor Air Service,United States
Sky Jet,Switzerland
Sky Limo Corporation,United States
Sky Wings Airlines,Greece
Skydrift,United Kingdom
Skyfreight,United States
Skyjet,Kazakhstan
Skyline,Nigeria
Skymaster Air Taxi,United States
Skyplan Services,Canada
Skypower Express Airways,Nigeria
Skyways,Argentina
Slate Falls Airways,Canada
Slovak Air Force,Slovakia
Slovak Government Flying Service,Slovakia
Smalandsflyg,Sweden
Socofer,Angola
Solent Flight,United Kingdom
Solinair,Slovenia
Sonair Servico Aereo,Angola
Soonair Lines,United States
South African Non Scheduled Airways,South Africa
South Central Air,United States
South Coast Aviation,United Kingdom
South Pacific Island Airways,United States
South West Air,Canada
Southeast Airmotive,United States
Southern Air Charter,Bahamas
Southern Airways,United States
Southern Cargo Air Lines,Russia
Southern Cross Aviation,United States
Southern Ohio Aviation Sales,United States
Southern Right Air Charter,South Africa
Spanish Air Force,Spain
Special Scope Limited,United Kingdom
Spectrem Air,South Africa
Spectrum Air Service,United States
Spirit of Africa Airlines,Sudan
Stadium City Limited,United Kingdom
Star Air,Indonesia
Star Aviation,United Kingdom
Star Up,Peru
Star XL German Airlines,Germany
Starair,Ireland
Starspeed,United Kingdom
State Air Company Berkut,Kazakhstan
Stephenville Aviation Services,Canada
Stichting Vliegschool 16Hoven,Netherlands
Streamline,South Africa
Styrian Airways,Austria
Suburban Air Freight,United States
Sud Airlines,France
Sun Freight Logistics,Thailand
Sun Pacific International,United States
Sun West Airlines,United States
Sunbird Airlines,United States
Sundance Air,Venezuela
Sundorph Aeronautical Corporation,United States
Sunshine Air Tours,United States
Sunwest Aviation (Lindquist Investment),United States
Sunwest Home Aviation,Canada
Super Luza,Angola
Surninam International Victory Airline,Suriname
Survey Udara (Penas),Indonesia
Svenska Direktflyg,Sweden
Swazi Express Airways,Swaziland
Swedeways,Sweden
Swedish Airlines,Sweden
Swift Air (Interstate Equipment Leasing),United States
Swiss Air Force,Switzerland
Swiss Air-Ambulance,Switzerland
TAB Express International,United States
TAF Helicopters,Spain
TAG Aviation USA,United States
TAPC Aviatrans Aircompany,Uzbekistan
TG Aviation,United Kingdom
TLC Air,United States
TRAM,Mauritania
Taban Air Lines,Iran
Tadair,Spain
Taftan Airlines,Iran
Tag Aviation UK,United Kingdom
Tajikair,Tajikistan
Tajikstan,Tajikistan
Tamir Airways,Israel
Tango Bravo,France
Taquan Air Services,United States
Tar Heel Aviation,United States
Tas Aviation,United States
Tashkent Aircraft Production Corporation,Uzbekistan
Taunus Air Gmbh,Germany
Taxi Aereo Cozatl,Mexico
Taxi de Veracruz,Mexico
Taxirey,Mexico
Taxis Aereos De Parral,Mexico
Taxis Turisticos Marakame,Mexico
Tbilisi Aviation University,Georgia
Tecnicas Fotograficas,Spain
Teledyne Continental Motors,United States
Telford Aviation,United States
Temsco Helicopters,United States
Tenir Airlines,Kyrgyzstan
Texas Air Charters,United States
Texas Airlines,United States
Thai Flying Helicopter Service,Thailand
Thai Pacific Airlines Business,Thailand
The Army Aviation Heritage Foundation,United States
The Lancair Company,United States
Tikal Jets Airlines,Guatemala
Timberline Air,Canada
Tiphook PLC,United Kingdom
Tobago Express,Trinidad and Tobago
Tomsk-Avia,Russia
Top Sky International,Indonesia
Top Speed,Austria
Top-Fly,Spain
Toumai Air Tchad,Chad
Trabajos Aereos,Spain
Trabajos Aereos Murcianos,Spain
Trabajos Aereos Vascongados,Spain
Tradewind Aviation,United States
Tradewinds Airlines,United States
Trading Air Cargo,Mauritania
Tramon Air,South Africa
Tramson Limited,Sudan
Tranporte Aereo Dominicano,Dominican Republic
Tranporte Amazonair,Venezuela
Trans Air Charter,United States
Trans Air-Benin,Benin
Trans Am Compania,Ecuador
Trans American Airlines (Trans Am),Peru
Trans Asian Airlines,Kazakhstan
Trans Atlantic Airlines,Sierra Leone
Trans Continental Airlines,United States
Trans Euro Air,United Kingdom
Trans Jet Airways,Sweden
Trans-Air-Link,United States
Trans-Pacific Orient Airways,Philippines
Transafrik International,Sao Tome and Principe
Transarabian Transportation Services,Uganda
Transaustralian Air Express,Australia
Transaven,Venezuela
Transaviabaltika,Lithuania
Transbrasil,Brazil
Transcontinental Airlines,Kazakhstan
Transcontinental Sur,Uruguay
Transnorthern,United States
Transpac Express,Australia
Transport Africa,Sierra Leone
Transport Canada,Canada
Transport Facilitators,United States
Transportacion Aerea De Queretaro,Mexico
Transportacion Aerea Del Mar De Cortes,Mexico
Transportacion Aerea del Norte,Mexico
Transporte Aereo Ernesto Saenz,Mexico
Transportes Aereos De Xalapa,Mexico
Transportes Aereos Don Carlos,Chile
Transportes Aereos Regionales,Mexico
Transportes Aereos del Mundo Maya,Mexico
Transwede Airways,Sweden
Travel Express Aviation Services,Indonesia
Travel International Air Charters,Zambia
Travelair,Germany
Trinity Air Bahamas,Bahamas
Triple Alpha,Germany
Tuna Aero,Sweden
Tunisavia,Tunisia
Twin Town Leasing Company,United States
Twinjet Aircraft Sales,United Kingdom
Tyrol Air Ambulance,Austria
UFS,United States
US Army Parachute Team,United States
US Check Airlines,United States
US Marshals Service,United States
UTAGE,Equatorial Guinea
Ues-Avia Aircompany,Ukraine
Uganda Airlines,Uganda
Ukraine Air Alliance,Ukraine
Ukraine Transavia,Ukraine
Unijet,France
United Arab Emirates Air Force,United Arab Emirates
United Arabian Airlines,Sudan
United Kingdom Civil Aviation Authority,United Kingdom
United Kingdom Royal VIP Flight,United Kingdom
United Kingdom Royal VIP Flights,United Kingdom
United States Coast Guard Auxiliary,United States
United States Department Of Agriculture,United States
Universal Airlines,Guyana
Universal Airways,United States
Universal Jet,Spain
Universal Jet Aviation,United States
University Air Squadron,United Kingdom
University of North Dakota,United States
Unsped Paket Servisi,Turkey
Uraiavia,Russia
VIM-Aviaservice,Russia
VIP Air,Slovakia
VIP-Avia,Georgia
VZ Flights,Mexico
Vacationair,Canada
Valan Limited,Moldova
Vega,Kazakhstan
Vega Air Company,Ukraine
Vega Aviation,Sudan
Veritair Ltd,United Kingdom
Vertair,United Kingdom
Vertical-T Air Company,Russia
Vichi,Moldova
Vickers Limited,United Kingdom
Victor Tagle Larrain,Chile
Viking Airlines,Sweden
Viscount Air Service,United States
Vistajet,Canada
Voar Lda,Angola
Vointeh,Bulgaria
Volare Airlines,Ukraine
Volga Aviaexpress,Russia
Voronezh Aircraft Manufacturing Society,Russia
Vuelos Internos Privados VIP,Ecuador
WRA Inc,United States
WSI Corporation,United States
Waddington FTU,United Kingdom
Walmart Aviation,United States
Walsten Air Services,Canada
Walter I Linkoping,Sweden
Wapiti Aviation,Canada
Warbelow's Air Ventures,United States
Weasua Air Transport Company,Liberia
Welch Aviation,United States
West African Airlines,Benin
West Air Luxembourg,Luxembourg
West Coast Airlines,Ghana
Westair Aviation,Namibia
Western Air,Bahamas
Western Arctic Air,Canada
Western Aviators,United States
Westland Helicopters,United Kingdom
White,Portugal
White Eagle Aviation,Poland
Whyalla Airlines,Australia
Wiggins Airways,United States
Wiking Helikopter Service,Germany
Williams Air,United States
Winair,United States
Wind Rose Aviation,Ukraine
Wind Spirit Air,United States
Windrose Air,Germany
Wings Air Transport,Sudan
Wings Airways,United States
Wings Aviation,Guyana
Wings of Lebanon Aviation,Lebanon
Winlink,Saint Lucia
Wisman Aviation,United States
Woodgate Executive Air Charter,United Kingdom
Worldwide Jet Charter,United States
XP Internation,Netherlands
Xclusive Jet Charter Limited,United Kingdom
Xerox Corporation,United States
YES Airways,Poland
Yak-Service,Russia
Yellow Wings Air Services,Kenya
Yuzhmashavia,Ukraine
Yuzhnaya Aircompany,Kazakhstan
Z-Avia,Armenia
Zagros Airlines,Iran
Zaire Aero Service,Democratic Republic of Congo
Zanair,Tanzania
Zantop International Airlines,United States
Zapolyarie Airlines,Russia
Zenith Air,South Africa
Zephyr Express,United States
Zhejiang Airlines,China
Zhez Air,Kazakhstan
Zorex,Spain
